{
    "epochs": {
        "4": {
            "B-Claim": {
                "f1-score": 0.2737587395737022,
                "precision": 0.4621040968319033,
                "recall": 0.200286412701905,
                "support": 301.2
            },
            "B-MajorClaim": {
                "f1-score": 0.0025,
                "precision": 0.05,
                "recall": 0.001282051282051282,
                "support": 150.2
            },
            "B-Premise": {
                "f1-score": 0.7267612662684019,
                "precision": 0.6391605684976023,
                "recall": 0.8426585248329737,
                "support": 766.4
            },
            "I-Claim": {
                "f1-score": 0.559290851006988,
                "precision": 0.5914578490391166,
                "recall": 0.5308163487565107,
                "support": 4252.6
            },
            "I-MajorClaim": {
                "f1-score": 0.7174587596640646,
                "precision": 0.665983825405277,
                "recall": 0.7781852363738231,
                "support": 2074.4
            },
            "I-Premise": {
                "f1-score": 0.8786042475766933,
                "precision": 0.8636937026608245,
                "recall": 0.8940985166151251,
                "support": 12919.8
            },
            "O": {
                "f1-score": 0.8971005079816912,
                "precision": 0.9110091003547529,
                "recall": 0.8837469053142677,
                "support": 9645.6
            },
            "accuracy": 0.8187801921694173,
            "macro avg": {
                "f1-score": 0.5793534817245058,
                "precision": 0.5976298775413538,
                "recall": 0.5901534279823795,
                "support": 30110.2
            },
            "weighted avg": {
                "f1-score": 0.814228098733149,
                "precision": 0.8133821762573751,
                "recall": 0.8187801921694173,
                "support": 30110.2
            }
        },
        "5": {
            "B-Claim": {
                "f1-score": 0.44829050502441553,
                "precision": 0.5096656740724809,
                "recall": 0.40128083677261894,
                "support": 301.2
            },
            "B-MajorClaim": {
                "f1-score": 0.10330758946594185,
                "precision": 0.7614592933947772,
                "recall": 0.05797986066033399,
                "support": 150.2
            },
            "B-Premise": {
                "f1-score": 0.7606233847872808,
                "precision": 0.6923024393494949,
                "recall": 0.8446164952858645,
                "support": 766.4
            },
            "I-Claim": {
                "f1-score": 0.5723145898393334,
                "precision": 0.605570833026967,
                "recall": 0.5443630720008319,
                "support": 4252.6
            },
            "I-MajorClaim": {
                "f1-score": 0.7486188737889296,
                "precision": 0.6999948806598534,
                "recall": 0.8051302667365683,
                "support": 2074.4
            },
            "I-Premise": {
                "f1-score": 0.8824987649546532,
                "precision": 0.8670575459984298,
                "recall": 0.8987159117644465,
                "support": 12919.8
            },
            "O": {
                "f1-score": 0.9036533512440987,
                "precision": 0.9195366390342382,
                "recall": 0.8884099797233317,
                "support": 9645.6
            },
            "accuracy": 0.8284534738610627,
            "macro avg": {
                "f1-score": 0.6313295798720933,
                "precision": 0.7222267579337487,
                "recall": 0.6343566318491423,
                "support": 30110.2
            },
            "weighted avg": {
                "f1-score": 0.8250845843368365,
                "precision": 0.8271639315588614,
                "recall": 0.8284534738610627,
                "support": 30110.2
            }
        },
        "6": {
            "B-Claim": {
                "f1-score": 0.5115932136946009,
                "precision": 0.5340632628106112,
                "recall": 0.4941858894885692,
                "support": 301.2
            },
            "B-MajorClaim": {
                "f1-score": 0.5697374864861107,
                "precision": 0.7550976872001138,
                "recall": 0.46760214335263217,
                "support": 150.2
            },
            "B-Premise": {
                "f1-score": 0.7762687053990128,
                "precision": 0.7199100132639268,
                "recall": 0.8422729016219466,
                "support": 766.4
            },
            "I-Claim": {
                "f1-score": 0.5917650395594526,
                "precision": 0.6159329744826553,
                "recall": 0.5698453789928569,
                "support": 4252.6
            },
            "I-MajorClaim": {
                "f1-score": 0.7706434289186005,
                "precision": 0.7438997279967052,
                "recall": 0.8001147474038227,
                "support": 2074.4
            },
            "I-Premise": {
                "f1-score": 0.8860985682949751,
                "precision": 0.8729823394502574,
                "recall": 0.8997025551602327,
                "support": 12919.8
            },
            "O": {
                "f1-score": 0.9054739063287782,
                "precision": 0.9198332818791158,
                "recall": 0.8915914761017474,
                "support": 9645.6
            },
            "accuracy": 0.8360411225044159,
            "macro avg": {
                "f1-score": 0.7159400498116473,
                "precision": 0.7373884695833407,
                "recall": 0.7093307274459725,
                "support": 30110.2
            },
            "weighted avg": {
                "f1-score": 0.8347651457777092,
                "precision": 0.8350879514648479,
                "recall": 0.8360411225044159,
                "support": 30110.2
            }
        },
        "7": {
            "B-Claim": {
                "f1-score": 0.5440799922799762,
                "precision": 0.5596570335549884,
                "recall": 0.5304718982733465,
                "support": 301.2
            },
            "B-MajorClaim": {
                "f1-score": 0.6711161090504687,
                "precision": 0.7066030968593144,
                "recall": 0.643241801944116,
                "support": 150.2
            },
            "B-Premise": {
                "f1-score": 0.7858503086086657,
                "precision": 0.7378316027883193,
                "recall": 0.8407935683432763,
                "support": 766.4
            },
            "I-Claim": {
                "f1-score": 0.5989984041045234,
                "precision": 0.6148870302403474,
                "recall": 0.58400658141127,
                "support": 4252.6
            },
            "I-MajorClaim": {
                "f1-score": 0.783755173951818,
                "precision": 0.7562417156868528,
                "recall": 0.8141299551987616,
                "support": 2074.4
            },
            "I-Premise": {
                "f1-score": 0.8875157077389453,
                "precision": 0.8778950100167944,
                "recall": 0.897377671489217,
                "support": 12919.8
            },
            "O": {
                "f1-score": 0.908439478839173,
                "precision": 0.9236385542801508,
                "recall": 0.8937844581566466,
                "support": 9645.6
            },
            "accuracy": 0.8398846808206635,
            "macro avg": {
                "f1-score": 0.7399650249390815,
                "precision": 0.7395362919181097,
                "recall": 0.7434008478309477,
                "support": 30110.2
            },
            "weighted avg": {
                "f1-score": 0.8392997818466043,