{
    "epochs": {
        "4": {
            "Claim": {
                "f1-score": 0.6168300239337579,
                "precision": 0.6497898644305258,
                "recall": 0.5880339157890161,
                "support": 4456.2
            },
            "MajorClaim": {
                "f1-score": 0.8536731625298242,
                "precision": 0.8537900822877299,
                "recall": 0.8550719856503457,
                "support": 2224.6
            },
            "O": {
                "f1-score": 0.9986095486101048,
                "precision": 0.9987694154856737,
                "recall": 0.9984502037695192,
                "support": 12081.2
            },
            "Premise": {
                "f1-score": 0.903748088616713,
                "precision": 0.8902170454563428,
                "recall": 0.9177921716548185,
                "support": 13783.8
            },
            "accuracy": 0.8982323158397648,
            "macro avg": {
                "f1-score": 0.8432152059225999,
                "precision": 0.848141601915068,
                "recall": 0.8398370692159249,
                "support": 32545.8
            },
            "weighted avg": {
                "f1-score": 0.8962829235982104,
                "precision": 0.8952092479089521,
                "recall": 0.8982323158397648,
                "support": 32545.8
            }
        },
        "5": {
            "Claim": {
                "f1-score": 0.6337598630477995,
                "precision": 0.6440820940893549,
                "recall": 0.6245723055250922,
                "support": 4456.2
            },
            "MajorClaim": {
                "f1-score": 0.8585935462557142,
                "precision": 0.8615958167792004,
                "recall": 0.8569646293125193,
                "support": 2224.6
            },
            "O": {
                "f1-score": 0.9990202287382177,
                "precision": 0.9989420211357283,
                "recall": 0.9990988458156164,
                "support": 12081.2
            },
            "Premise": {
                "f1-score": 0.9044091146989299,
                "precision": 0.8993177873178893,
                "recall": 0.9097598031395858,
                "support": 13783.8
            },
            "accuracy": 0.9001406858939918,
            "macro avg": {
                "f1-score": 0.8489456881851654,
                "precision": 0.8509844298305433,
                "recall": 0.8475988959482035,
                "support": 32545.8
            },
            "weighted avg": {
                "f1-score": 0.8994214175657333,
                "precision": 0.8990538419765606,
                "recall": 0.9001406858939918,
                "support": 32545.8
            }
        },
        "6": {
            "Claim": {
                "f1-score": 0.6493430279405903,
                "precision": 0.6646677443572454,
                "recall": 0.6356144027502404,
                "support": 4456.2
            },
            "MajorClaim": {
                "f1-score": 0.8746823179801704,
                "precision": 0.8893131931450533,
                "recall": 0.8623568396865867,
                "support": 2224.6
            },
            "O": {
                "f1-score": 0.9988043284275461,
                "precision": 0.9991275969431175,
                "recall": 0.9984826954942212,
                "support": 12081.2
            },
            "Premise": {
                "f1-score": 0.9074782960484583,
                "precision": 0.8990494664243955,
                "recall": 0.9161148991764418,
                "support": 13783.8
            },
            "accuracy": 0.9047286155011506,
            "macro avg": {
                "f1-score": 0.8575769925991912,
                "precision": 0.8630395002174531,
                "recall": 0.8531422092768726,
                "support": 32545.8
            },
            "weighted avg": {
                "f1-score": 0.9039072663593755,
                "precision": 0.9035494753329434,
                "recall": 0.9047286155011506,
                "support": 32545.8
            }
        },
        "7": {
            "Claim": {
                "f1-score": 0.6611894426815705,
                "precision": 0.6665673397559279,
                "recall": 0.6563148512704859,
                "support": 4456.2
            },
            "MajorClaim": {
                "f1-score": 0.8900576828100275,
                "precision": 0.8932036975972718,
                "recall": 0.8877769716703373,
                "support": 2224.6
            },
            "O": {
                "f1-score": 0.9987313996855709,
                "precision": 0.9994152980762209,
                "recall": 0.9980505884338828,
                "support": 12081.2
            },
            "Premise": {
                "f1-score": 0.9063461981034312,
                "precision": 0.9032342019456486,
                "recall": 0.909592049712512,
                "support": 13783.8
            },
            "accuracy": 0.9063343793213544,
            "macro avg": {
                "f1-score": 0.8640811808201502,
                "precision": 0.8656051343437673,
                "recall": 0.8629336152718045,
                "support": 32545.8
            },
            "weighted avg": {
                "f1-score": 0.906075532698079,
                "precision": 0.9059988043664371,
                "recall": 0.9063343793213544,
                "support": 32545.8
            }
        }
    },
    "name": "sep_tok"
}