{
    "epochs": {
        "04": {
            "Claim": {
                "f1-score": 0.5565910279511299,
                "precision": 0.5762686315648717,
                "recall": 0.5383724905814617,
                "support": 4456.2
            },
            "MajorClaim": {
                "f1-score": 0.7421011995209901,
                "precision": 0.6998047478892764,
                "recall": 0.7911027645606558,
                "support": 2224.6
            },
            "O": {
                "f1-score": 0.896934175249412,
                "precision": 0.9148306183744952,
                "recall": 0.8797689821359409,
                "support": 9645.6
            },
            "Premise": {
                "f1-score": 0.879149064723787,
                "precision": 0.8675336586853495,
                "recall": 0.8912173977342992,
                "support": 13783.8
            },
            "accuracy": 0.8279078796502365,
            "macro avg": {
                "f1-score": 0.7686938668613298,
                "precision": 0.7646094141284983,
                "recall": 0.7751154087530894,
                "support": 30110.2
            },
            "weighted avg": {
                "f1-score": 0.827097981363728,
                "precision": 0.8274462085180705,
                "recall": 0.8279078796502365,
                "support": 30110.2
            }
        },
        "05": {
            "Claim": {
                "f1-score": 0.5750106665586177,
                "precision": 0.5877320099750262,
                "recall": 0.5634755617522857,
                "support": 4456.2
            },
            "MajorClaim": {
                "f1-score": 0.7714547079801001,
                "precision": 0.7388823333835373,
                "recall": 0.8086558580733756,
                "support": 2224.6
            },
            "O": {
                "f1-score": 0.9016056342797121,
                "precision": 0.917142363946023,
                "recall": 0.8866391852778526,
                "support": 9645.6
            },
            "Premise": {
                "f1-score": 0.8811729119870279,
                "precision": 0.8723934281755235,
                "recall": 0.8902609619362346,
                "support": 13783.8
            },
            "accuracy": 0.8347419534629198,
            "macro avg": {
                "f1-score": 0.7823109802013644,
                "precision": 0.7790375338700274,
                "recall": 0.7872578917599371,
                "support": 30110.2
            },
            "weighted avg": {
                "f1-score": 0.834345389009699,
                "precision": 0.8347965799128618,
                "recall": 0.8347419534629198,
                "support": 30110.2
            }
        },
        "06": {
            "Claim": {
                "f1-score": 0.5901505382848165,
                "precision": 0.6046987830852076,
                "recall": 0.5768645120251327,
                "support": 4456.2
            },
            "MajorClaim": {
                "f1-score": 0.778007203752639,
                "precision": 0.7609359724654597,
                "recall": 0.7977908627964341,
                "support": 2224.6
            },
            "O": {
                "f1-score": 0.9052268631665242,
                "precision": 0.9184111079198048,
                "recall": 0.8924385567093835,
                "support": 9645.6
            },
            "Premise": {
                "f1-score": 0.8853735316064866,
                "precision": 0.8741835168511095,
                "recall": 0.8970124461838613,
                "support": 13783.8
            },
            "accuracy": 0.8408702802207129,
            "macro avg": {
                "f1-score": 0.7896895342026166,
                "precision": 0.7895573450803954,
                "recall": 0.7910265944287029,
                "support": 30110.2
            },
            "weighted avg": {
                "f1-score": 0.8401486601093323,
                "precision": 0.8401456373487871,
                "recall": 0.8408702802207129,
                "support": 30110.2
            }
        },
        "07": {
            "Claim": {
                "f1-score": 0.6023332032395436,
                "precision": 0.607363152033926,
                "recall": 0.5975498393285,
                "support": 4456.2
            },
            "MajorClaim": {
                "f1-score": 0.7884378819364174,
                "precision": 0.7674758762494583,
                "recall": 0.8110593479330162,
                "support": 2224.6
            },
            "O": {
                "f1-score": 0.9063164907035273,
                "precision": 0.921561975578842,
                "recall": 0.8916495566063519,
                "support": 9645.6
            },
            "Premise": {
                "f1-score": 0.8860625275343701,
                "precision": 0.877746516197113,
                "recall": 0.8946215948975947,
                "support": 13783.8
            },
            "accuracy": 0.8433254312895198,
            "macro avg": {
                "f1-score": 0.7957875258534646,
                "precision": 0.7935368800148348,
                "recall": 0.7987200846913657,
                "support": 30110.2
            },
            "weighted avg": {
                "f1-score": 0.8433200656024458,
                "precision": 0.8437760666451875,
                "recall": 0.8433254312895198,
                "support": 30110.2
            }
        },
        "08": {
            "Claim": {
                "f1-score": 0.6108152210536273,
                "precision": 0.6076881075760252,
                "recall": 0.614703242087985,
                "support": 4456.2
            },
            "MajorClaim": {
                "f1-score": 0.7974579139340412,
                "precision": 0.781263578944684,
                "recall": 0.815130471265298,
                "support": 2224.6
            },
            "O": {
                "f1-score": 0.9069930606395673,
                "precision": 0.9186729921260269,
                "recall": 0.8956610308650035,
                "support": 9645.6
            },
            "Premise": {
                "f1-score": 0.8855738732808618,
                "precision": 0.8830186841926381,
                "recall": 0.888316566118967,
                "support": 13783.8
            },
            "accuracy": 0.8448329527292644,
            "macro avg": {
                "f1-score": 0.8002100172270243,
                "precision": 0.7976608407098436,
                "recall": 0.8034528275843134,
                "support": 30110.2
            },
            "weighted avg": {
                "f1-score": 0.8453251901910445,
                "precision": 0.8462449083735315,
                "recall": 0.8448329527292644,
                "support": 30110.2
            }
        },
        "09": {
            "Claim": {
                "f1-score": 0.6100427345330987,
                "precision": 0.6040258882425297,
                "recall": 0.6169820679214728,
                "support": 4456.2
            },
            "MajorClaim": {
                "f1-score": 0.8003286037960589,
                "precision": 0.7790546353311838,
                "recall": 0.8237198023376493,
                "support": 2224.6
            },
            "O": {
                "f1-score": 0.9069195566334107,
                "precision": 0.9230212460264167,
                "recall": 0.8914165176012114,
                "support": 9645.6
            },
            "Premise": {
                "f1-score": 0.8854353215739661,
                "precision": 0.8825308752162149,
                "recall": 0.8885665333838872,
                "support": 13783.8
            },
            "accuracy": 0.8445112823119508,
            "macro avg": {
                "f1-score": 0.8006815541341336,
                "precision": 0.7971581612040863,
                "recall": 0.8051712303110552,