{
    "epochs": {
        "4": {
            "B-Claim": {
                "f1-score": 0.44397032615120857,
                "precision": 0.538573065493028,
                "recall": 0.3782456625039398,
                "support": 301.2
            },
            "B-MajorClaim": {
                "f1-score": 0.6225931563915077,
                "precision": 0.8971446575667187,
                "recall": 0.4786791701214816,
                "support": 150.2
            },
            "B-Premise": {
                "f1-score": 0.8742652227152252,
                "precision": 0.801203956006981,
                "recall": 0.9620653570949592,
                "support": 766.4
            },
            "I-Claim": {
                "f1-score": 0.5799603837341275,
                "precision": 0.6435283941936651,
                "recall": 0.5280209685833684,
                "support": 4252.6
            },
            "I-MajorClaim": {
                "f1-score": 0.8236546782840126,
                "precision": 0.8273784720988988,
                "recall": 0.820954418776459,
                "support": 2074.4
            },
            "I-Premise": {
                "f1-score": 0.901088146372486,
                "precision": 0.875337958360326,
                "recall": 0.9284863053123542,
                "support": 12919.8
            },
            "O": {
                "f1-score": 0.9989935558838624,
                "precision": 0.9991214423252535,
                "recall": 0.9988660792722287,
                "support": 12081.2
            },
            "accuracy": 0.8890480481046744,
            "macro avg": {
                "f1-score": 0.7492179242189186,
                "precision": 0.7974697065778387,
                "recall": 0.7279025659521131,
                "support": 32545.8
            },
            "weighted avg": {
                "f1-score": 0.8844089441152253,
                "precision": 0.883209299653279,
                "recall": 0.8890480481046744,
                "support": 32545.8
            }
        },
        "5": {
            "B-Claim": {
                "f1-score": 0.5604310854223915,
                "precision": 0.6576083443188865,
                "recall": 0.4902662259107128,
                "support": 301.2
            },
            "B-MajorClaim": {
                "f1-score": 0.8080212169958646,
                "precision": 0.8748600964163986,
                "recall": 0.7521676059711864,
                "support": 150.2
            },
            "B-Premise": {
                "f1-score": 0.8861500835741879,
                "precision": 0.8372200889798231,
                "recall": 0.9412984202331847,
                "support": 766.4
            },
            "I-Claim": {
                "f1-score": 0.6124537767482202,
                "precision": 0.6520314990272421,
                "recall": 0.5787058477977004,
                "support": 4252.6
            },
            "I-MajorClaim": {
                "f1-score": 0.8362228640617861,
                "precision": 0.8410725575219098,
                "recall": 0.8344838208121177,
                "support": 2074.4
            },
            "I-Premise": {
                "f1-score": 0.9046928510420692,
                "precision": 0.8882860854700112,
                "recall": 0.9218850094444374,
                "support": 12919.8
            },
            "O": {
                "f1-score": 0.9991548399505221,
                "precision": 0.9993880751586477,
                "recall": 0.99892189313437,
                "support": 12081.2
            },
            "accuracy": 0.8958279530871444,
            "macro avg": {
                "f1-score": 0.8010181025421487,
                "precision": 0.8214952495561313,
                "recall": 0.7882469747576728,
                "support": 32545.8
            },
            "weighted avg": {
                "f1-score": 0.8932302574003689,
                "precision": 0.8923413848695805,
                "recall": 0.8958279530871444,
                "support": 32545.8
            }
        },
        "6": {
            "B-Claim": {
                "f1-score": 0.5931381097759267,
                "precision": 0.6722170989367261,
                "recall": 0.5317837062227432,
                "support": 301.2
            },
            "B-MajorClaim": {
                "f1-score": 0.8413560626210785,
                "precision": 0.8817575482419098,
                "recall": 0.8053185681221139,
                "support": 150.2
            },
            "B-Premise": {
                "f1-score": 0.8878138726221326,
                "precision": 0.8487924419184628,
                "recall": 0.9307407234286684,
                "support": 766.4
            },
            "I-Claim": {
                "f1-score": 0.6243485298375269,
                "precision": 0.6618858055536914,
                "recall": 0.5915054589850942,
                "support": 4252.6
            },
            "I-MajorClaim": {
                "f1-score": 0.8644400168254966,
                "precision": 0.8826664529873327,
                "recall": 0.8477935355361133,
                "support": 2074.4
            },
            "I-Premise": {
                "f1-score": 0.9038444051855183,
                "precision": 0.8860772791583577,
                "recall": 0.9224032849196723,
                "support": 12919.8
            },
            "O": {
                "f1-score": 0.9992012784612678,
                "precision": 0.9993333680574212,
                "recall": 0.9990704569289827,
                "support": 12081.2
            },
            "accuracy": 0.8990242229812229,
            "macro avg": {
                "f1-score": 0.8163060393327068,
                "precision": 0.833247142121986,
                "recall": 0.804087962020484,
                "support": 32545.8
            },
            "weighted avg": {
                "f1-score": 0.8967446517467688,
                "precision": 0.8957677685127315,
                "recall": 0.8990242229812229,
                "support": 32545.8
            }
        },
        "7": {
            "B-Claim": {
                "f1-score": 0.6168376335712245,
                "precision": 0.673503859676141,
                "recall": 0.5694397757211925,
                "support": 301.2
            },
            "B-MajorClaim": {
                "f1-score": 0.8551202084324826,
                "precision": 0.8811362365854862,
                "recall": 0.8339524401280413,
                "support": 150.2
            },
            "B-Premise": {
                "f1-score": 0.8876536393176254,
                "precision": 0.8586099117546795,
                "recall": 0.9188464644913006,
                "support": 766.4
            },
            "I-Claim": {
                "f1-score": 0.6358006437450592,
                "precision": 0.6680197074011669,
                "recall": 0.6069636029817691,
                "support": 4252.6
            },
            "I-MajorClaim": {
                "f1-score": 0.8675553268767959,
                "precision": 0.8778459259163063,
                "recall": 0.8591044879201173,
                "support": 2074.4
            },
            "I-Premise": {
                "f1-score": 0.9045947858772901,
                "precision": 0.889800055285583,
                "recall": 0.9200111274634537,
                "support": 12919.8
            },
            "O": {
                "f1-score": 0.9988422938272643,
                "precision": 0.9995130691010683,
                "recall": 0.9981740980775455,
                "support": 12081.2
            },
            "accuracy": 0.9007406451556037,
            "macro avg": {
                "f1-score": 0.8237720759496774,
                "precision": 0.8354898236743473,
                "recall": 0.8152131423976314,
                "support": 32545.8
            },