{
    "epochs": {
        "4": {
            "B": {
                "f1-score": 0.850366131569948,
                "precision": 0.8053049834967837,
                "recall": 0.9009095754818951,
                "support": 1217.8
            },
            "I": {
                "f1-score": 0.949945563684502,
                "precision": 0.938809444640983,
                "recall": 0.9614900360084091,
                "support": 19246.8
            },
            "O": {
                "f1-score": 0.8948370044361076,
                "precision": 0.924809290482939,
                "recall": 0.867193690750063,
                "support": 9645.6
            },
            "accuracy": 0.9286869021176823,
            "macro avg": {
                "f1-score": 0.8983828998968526,
                "precision": 0.8896412395402351,
                "recall": 0.9098644340801224,
                "support": 30110.2
            },
            "weighted avg": {
                "f1-score": 0.9283623552550584,
                "precision": 0.929282363623439,
                "recall": 0.9286869021176823,
                "support": 30110.2
            }
        },
        "5": {
            "B": {
                "f1-score": 0.8594603512832515,
                "precision": 0.8174153384710472,
                "recall": 0.906190070674513,
                "support": 1217.8
            },
            "I": {
                "f1-score": 0.9530631340744525,
                "precision": 0.9418727769536387,
                "recall": 0.9645797535047557,
                "support": 19246.8
            },
            "O": {
                "f1-score": 0.9011428306349323,
                "precision": 0.9308555835035026,
                "recall": 0.87344614101901,
                "support": 9645.6
            },
            "accuracy": 0.9330526538188076,
            "macro avg": {
                "f1-score": 0.9045554386642124,
                "precision": 0.8967145663093963,
                "recall": 0.914738655066093,
                "support": 30110.2
            },
            "weighted avg": {
                "f1-score": 0.9327345418732691,
                "precision": 0.9334617615121473,
                "recall": 0.9330526538188076,
                "support": 30110.2
            }
        },
        "6": {
            "B": {
                "f1-score": 0.8662905168399714,
                "precision": 0.8282731746001639,
                "recall": 0.9080625235583577,
                "support": 1217.8
            },
            "I": {
                "f1-score": 0.9546285708405982,
                "precision": 0.9459061481450446,
                "recall": 0.9635504231352723,
                "support": 19246.8
            },
            "O": {
                "f1-score": 0.9048973002734707,
                "precision": 0.928198157734758,
                "recall": 0.8828375712147686,
                "support": 9645.6
            },
            "accuracy": 0.9354448216966794,
            "macro avg": {
                "f1-score": 0.9086054626513466,
                "precision": 0.9007924934933221,
                "recall": 0.918150172636133,
                "support": 30110.2
            },
            "weighted avg": {
                "f1-score": 0.9352209816457104,
                "precision": 0.9356777708186224,
                "recall": 0.9354448216966794,
                "support": 30110.2
            }
        },
        "7": {
            "B": {
                "f1-score": 0.8697369678865549,
                "precision": 0.8341310820276175,
                "recall": 0.908662218666006,
                "support": 1217.8
            },
            "I": {
                "f1-score": 0.9548388974133788,
                "precision": 0.9435521119254373,
                "recall": 0.9664147806281598,
                "support": 19246.8
            },
            "O": {
                "f1-score": 0.9044454699176493,
                "precision": 0.9329370245612278,
                "recall": 0.8776798075903022,
                "support": 9645.6
            },
            "accuracy": 0.9356879834280051,
            "macro avg": {
                "f1-score": 0.9096737784058609,
                "precision": 0.9035400728380942,
                "recall": 0.9175856022948228,
                "support": 30110.2
            },
            "weighted avg": {
                "f1-score": 0.9353592619152791,
                "precision": 0.9359033884716496,
                "recall": 0.9356879834280051,
                "support": 30110.2
            }
        }
    },
    "name": "spans"
}